{"stats":{"minecraft:killed_by":{"minecraft:player":1,"minecraft:zombie":2},"minecraft:picked_up":{"minecraft:oak_sapling":1},"minecraft:custom":{"minecraft:jump":160,"minecraft:leave_game":1,"minecraft:time_since_rest":1500,"minecraft:damage_dealt":190,"minecraft:walk_on_water_one_cm":647,"minecraft:deaths":4,"minecraft:sprint_one_cm":17523,"minecraft:play_time":19528,"minecraft:damage_taken":1262,"minecraft:time_since_death":1469,"minecraft:walk_one_cm":14797,"minecraft:total_world_time":19528,"minecraft:walk_under_water_one_cm":2585,"minecraft:fall_one_cm":7509,"minecraft:fly_one_cm":28406},"minecraft:used":{"minecraft:oak_sapling":1},"minecraft:mined":{"minecraft:grass":1,"minecraft:oak_leaves":1}},"DataVersion":3465}