{"stats":{"minecraft:crafted":{"minecraft:oak_planks":8,"minecraft:acacia_planks":4,"minecraft:crafting_table":1,"minecraft:stick":4,"minecraft:wooden_axe":1},"minecraft:picked_up":{"minecraft:stick":2,"minecraft:crafting_table":2,"minecraft:acacia_planks":2,"minecraft:acacia_log":1,"minecraft:beef":3,"minecraft:oak_log":10,"minecraft:mutton":2,"minecraft:dirt":1,"minecraft:white_wool":2},"minecraft:dropped":{"minecraft:mutton":1},"minecraft:custom":{"minecraft:deaths":1,"minecraft:time_since_rest":4873,"minecraft:sprint_one_cm":57290,"minecraft:play_time":13584,"minecraft:damage_taken":419,"minecraft:walk_one_cm":16165,"minecraft:sneak_time":76,"minecraft:walk_under_water_one_cm":5451,"minecraft:mob_kills":2,"minecraft:drop":1,"minecraft:jump":243,"minecraft:damage_dealt":393,"minecraft:leave_game":1,"minecraft:walk_on_water_one_cm":955,"minecraft:time_since_death":4846,"minecraft:total_world_time":13584,"minecraft:interact_with_crafting_table":2,"minecraft:fall_one_cm":8861,"minecraft:fly_one_cm":43056,"minecraft:crouch_one_cm":453},"minecraft:used":{"minecraft:wooden_axe":5,"minecraft:dirt":1,"minecraft:beef":3,"minecraft:crafting_table":1},"minecraft:mined":{"minecraft:grass":11,"minecraft:acacia_log":1,"minecraft:grass_block":2,"minecraft:oak_log":6,"minecraft:crafting_table":1,"minecraft:oak_leaves":2},"minecraft:killed":{"minecraft:sheep":1,"minecraft:cow":1}},"DataVersion":3465}