{"stats":{"minecraft:crafted":{"minecraft:oak_planks":24,"minecraft:crafting_table":1,"minecraft:stick":12,"minecraft:wooden_pickaxe":1,"minecraft:stone_pickaxe":1,"minecraft:wooden_axe":1,"minecraft:torch":8,"minecraft:stone_axe":1},"minecraft:picked_up":{"minecraft:wooden_axe":1,"minecraft:crafting_table":3,"minecraft:feather":2,"minecraft:chicken":1,"minecraft:torch":1,"minecraft:potato":1,"minecraft:oak_log":34,"minecraft:dirt":4,"minecraft:rotten_flesh":1,"minecraft:mutton":3,"minecraft:coal":4,"minecraft:white_wool":1,"minecraft:cobblestone":21},"minecraft:dropped":{"minecraft:mutton":1,"minecraft:rotten_flesh":1},"minecraft:custom":{"minecraft:time_since_rest":48986,"minecraft:sprint_one_cm":35483,"minecraft:damage_taken":164,"minecraft:walk_one_cm":37038,"minecraft:mob_kills":4,"minecraft:drop":2,"minecraft:damage_dealt":740,"minecraft:player_kills":1,"minecraft:swim_one_cm":119,"minecraft:interact_with_crafting_table":9,"minecraft:fly_one_cm":55698,"minecraft:crouch_one_cm":3810,"minecraft:play_time":57191,"minecraft:deaths":1,"minecraft:sneak_time":1386,"minecraft:walk_under_water_one_cm":8324,"minecraft:jump":263,"minecraft:leave_game":2,"minecraft:time_since_death":48930,"minecraft:walk_on_water_one_cm":1803,"minecraft:total_world_time":57191,"minecraft:fall_one_cm":7317},"minecraft:used":{"minecraft:wooden_axe":2,"minecraft:stone_pickaxe":23,"minecraft:wooden_pickaxe":3,"minecraft:stone_axe":45,"minecraft:torch":2,"minecraft:dirt":14,"minecraft:crafting_table":3},"minecraft:mined":{"minecraft:torch":1,"minecraft:crafting_table":3,"minecraft:oak_log":34,"minecraft:grass_block":1,"minecraft:coal_ore":4,"minecraft:dirt":3,"minecraft:stone":22,"minecraft:oak_leaves":7},"minecraft:killed":{"minecraft:sheep":1,"minecraft:zombie":1,"minecraft:chicken":1,"minecraft:spider":1}},"DataVersion":3465}