{"stats":{"minecraft:custom":{"minecraft:jump":100,"minecraft:time_since_rest":916,"minecraft:deaths":1,"minecraft:crouch_one_cm":219,"minecraft:walk_on_water_one_cm":1059,"minecraft:sprint_one_cm":6192,"minecraft:leave_game":1,"minecraft:play_time":9121,"minecraft:damage_taken":20,"minecraft:time_since_death":860,"minecraft:walk_one_cm":8650,"minecraft:sneak_time":511,"minecraft:total_world_time":9121,"minecraft:walk_under_water_one_cm":5234,"minecraft:fall_one_cm":2688,"minecraft:fly_one_cm":25973},"minecraft:used":{"minecraft:dirt":10}},"DataVersion":3465}